Lead_Time,Border_Congestion,Storage_Type,Route_ID,Stock_Out
7.136022872740183,4,0,2,0
6.652335461971521,5,1,3,0
8.429117473022997,4,1,2,1
4.90866961101119,3,0,1,0
7.180789764114671,2,1,2,0
5.318486492095879,4,0,3,0
6.493802640116292,1,0,3,0
6.090211184086648,2,1,3,0
8.443105125040777,1,0,1,0
3.6912495458986494,2,1,3,0
4.622767910908728,1,1,2,0
7.465069989402482,3,0,3,0
8.181964502795859,2,0,3,0
7.515810998210479,4,1,1,0
8.487497830173492,2,1,1,0
9.680369697560309,5,1,1,1
9.383117230601869,3,0,2,0
2.3967244732373905,6,1,2,0
7.991412951680404,2,0,2,0
2.55583785801978,3,1,2,0
7.027285579467143,1,1,3,0
7.501089404647416,4,1,1,0
7.595670516950311,4,1,1,0
7.800547155904194,3,1,2,0
5.068604268406107,3,1,2,0
4.844215976012482,2,1,2,0
8.360730889866806,5,0,3,0
4.9847793351052365,0,0,1,0
6.687466665711488,5,1,1,0
2.944557476034972,3,0,1,0
5.5128124436999375,2,0,2,0
10.171471653718505,3,1,2,1
7.702688271957844,6,1,1,1
6.938385567770597,4,0,1,0
6.361449496805444,3,0,3,0
7.203129308236723,3,0,3,0
6.077631627655918,5,1,3,0
10.39834337020084,2,1,3,1
5.34130931517685,4,0,3,0
7.67679810744481,6,1,1,1
3.5232903879624202,3,0,3,0
9.510006552156671,3,0,2,0
5.061537560862371,3,0,2,0
5.267229428963052,2,0,2,0
3.8951300660096413,3,1,3,0
6.445498619146785,4,0,3,0
5.869614340204463,3,0,3,0
6.415298304533535,2,1,1,0
6.090322109589437,1,1,3,0
7.672822071679621,2,1,1,0
10.457260502974485,0,1,2,0
8.009464631440904,3,0,2,0
10.210775079181262,7,0,3,0
3.825851060744971,3,1,2,0
6.56792513157412,2,1,2,0
7.018774165861028,2,1,2,0
3.3687378799856296,3,1,1,0
7.019815601285276,3,1,3,0
8.501773544444232,2,1,2,0
10.082386946500153,0,1,3,0
5.297237205187836,2,0,3,0
6.054032956549864,0,1,3,0
7.396035088713344,3,0,2,0
6.0353471054909615,2,0,2,0
10.66583098104692,2,1,3,1
7.983875475815124,2,1,3,0
9.747506506155192,0,1,2,0
8.336338726949233,6,0,1,0
5.330751502952403,2,1,2,0
5.948338215880548,3,0,1,0
5.043962799264733,2,1,3,0
5.02623823665863,2,0,2,0
7.753521436672236,7,1,2,1
3.084634565290422,2,0,1,0
6.997306798382429,1,1,3,0
3.920506654608774,4,0,1,0
8.731300738065906,0,0,1,0
6.260509368699818,3,0,3,0
9.074472509918476,2,0,3,0
8.266760842332674,0,0,3,0
10.750708864676911,4,1,3,1
6.8919434497436045,4,0,2,0
9.035619996464941,3,0,3,0
7.779411489081914,2,0,2,0
6.630591680583241,3,0,3,0
6.392614510376535,2,1,3,0
5.838530843233701,3,1,1,0
8.329870970448358,2,1,2,0
3.8676297362808385,3,0,2,0
4.984843293722008,2,1,3,0
9.348053662442911,1,0,1,0
11.675522570805052,4,1,3,1
5.904045670319723,5,1,3,0
4.774378452496786,2,1,1,0
8.630163878086915,4,1,2,1
6.141990858683211,1,1,3,0
7.842196385988659,4,1,2,0
6.126230693320901,4,0,1,0
9.460802023694665,3,0,1,0
7.254872744606236,2,1,1,0
6.478582123846108,2,0,2,0
7.952683643322866,2,1,3,0
4.398939709847637,2,0,3,0
4.994607310493942,5,1,2,0
5.963289479857505,3,1,2,0
8.120006663454962,3,0,2,0
9.31271814322584,1,0,2,0
7.690896468626636,1,0,1,0
4.560758714061455,1,1,2,0
6.6681161884138564,3,0,1,0
5.690868517813863,5,0,2,0
3.4186266884220964,5,0,1,0
6.003866374309775,4,0,1,0
7.353428394889176,4,1,1,0
6.169943645515411,2,0,3,0
4.717060866913848,3,1,3,0
6.87870840707085,9,0,2,0
4.526180776769891,4,1,3,0
11.154924886279382,5,0,1,0
4.708526617753946,5,1,3,0
2.6105783960076225,3,0,3,0
6.607679536893308,2,0,3,0
6.658840750860965,2,1,2,0
7.862104498871399,4,1,1,0
8.46218169966013,2,1,1,0
6.641963362006589,5,0,3,0
10.599838586748783,4,1,1,1
3.7695405787855822,4,0,1,0
5.056546689741195,6,0,2,0
7.404585830195836,1,0,3,0
8.7165291966611,1,0,3,0
8.063963428792563,1,0,1,0
10.337026168870677,3,0,1,0
6.144864281454385,2,1,1,0
3.7954993788900597,2,0,3,0
10.453491318990716,0,1,1,0
6.3956720604575095,2,1,2,0
7.481060732220638,2,1,3,0
2.2443802585646555,4,1,1,0
5.507632722035469,4,0,3,0
8.281141607725964,1,1,2,0
5.699954868113792,2,1,2,0
9.597041094046604,3,1,1,1
7.328099239797873,6,1,3,1
9.76137979677984,2,0,2,0
7.4879435262281495,3,0,1,0
6.888157934260459,1,1,3,0
7.1023357412175345,4,1,3,0
1.4792321323572644,2,0,3,0
5.791085839252396,3,0,1,0
7.46722709688941,1,1,3,0
6.48058510069834,3,1,2,0
5.868642936173517,3,1,1,0
8.473089802092048,2,1,3,0
7.3314150464217605,2,0,3,0
5.694034571835857,3,0,3,0
6.574791084504863,7,0,2,0
9.096655755690369,3,0,1,0
7.537392012663746,3,0,1,0
6.6174065543084275,5,0,1,0
6.5642204305565794,2,0,3,0
9.067996254650515,1,0,1,0
6.927745973016549,3,0,1,0
10.48344104410907,2,1,2,1
9.187165025031835,2,0,1,0
3.0603710593081312,1,0,1,0
7.674208766043995,5,0,2,0
6.031426719526977,2,1,1,0
4.359406498297989,4,0,1,0
8.83764773688404,4,0,3,0
6.662198864343076,3,1,2,0
5.845966815353191,3,0,2,0
6.694024104562769,2,1,1,0
10.662740436864446,1,1,1,0
6.463319298491299,0,1,2,0
4.293166210925769,2,0,2,0
6.287265888207297,1,1,2,0
8.184190406542486,2,0,1,0
6.180899319277417,2,0,1,0
5.55959435128856,2,1,1,0
8.844529823133199,5,1,1,1
9.98620434730396,4,1,2,1
6.979198423753627,2,1,3,0
8.348930363906337,4,1,2,1
6.142792967296864,2,1,2,0
4.940199917706876,0,0,2,0
9.41483992813701,1,0,3,0
5.314082233977416,2,1,1,0
6.904397856950857,5,0,1,0
6.81369500152104,1,1,1,0
9.074598029571007,3,1,1,1
6.754768612248755,4,1,3,0
7.433253088126241,5,0,2,0
5.450523978700163,4,1,1,0
6.299574961104472,4,0,2,0
7.511086410953717,4,0,1,0
6.681758446228016,4,0,2,0
3.6079588268631353,1,0,3,0
8.934775563448696,2,0,1,0
8.782384685441873,1,0,1,0
9.344738541701215,0,0,1,0
6.973669098527355,1,1,1,0
9.27591650061217,3,1,2,1
4.253982841733915,2,0,3,0
8.224678581119013,2,1,1,0
6.716480244500221,1,0,1,0
7.94953233499509,3,1,1,0
8.364627341741459,1,1,1,0
5.33447260383552,1,1,2,0
5.993850778240538,2,0,3,0
9.75879763544705,2,0,1,0
6.037466178414978,3,0,3,0
6.1756842000156755,2,1,2,0
5.702983243522455,2,0,3,0
5.925478150792915,3,0,3,0
8.60446496297988,3,0,3,0
7.728345748320329,7,0,2,0
3.112724050483759,1,1,2,0
8.562601625074068,5,0,1,0
6.1712043544699355,3,1,3,0
7.2382554565874235,4,0,2,0
5.847321089139606,2,0,3,0
7.716898114476774,3,1,2,0
10.35391184715894,2,1,2,1
5.617916393476577,1,0,2,0
5.813620379580181,0,1,1,0
3.7102002805745053,6,0,1,0
7.057723859603813,0,1,1,0
6.932757599616751,2,1,3,0
10.18518268785125,5,1,3,1
7.601940579198107,2,1,1,0
9.348086762344252,6,1,2,1
6.056240206933876,2,1,1,0
8.333115915020656,1,0,3,0
4.246403419515273,5,0,2,0
7.39625567661851,1,1,2,0
5.039250389082406,0,1,2,0
5.03534174847996,2,0,1,0
7.789700360653547,3,1,1,0
5.668060320042723,1,1,2,0
5.878820482046384,3,0,3,0
7.098914663027647,5,1,2,1
3.9888688188014294,4,0,2,0
8.13809790016274,2,0,3,0
7.322555131211039,3,1,3,0
7.607417336291878,7,1,2,1
10.937927804453421,0,0,2,0
5.233309475115696,3,1,1,0
7.280741952791239,6,0,3,0
9.134913784034808,3,0,3,0
9.068011025024255,1,1,1,0
8.441532558488843,1,1,2,0
8.532333123618326,4,1,3,1
7.698778681542381,3,1,2,0
4.96440881311654,2,1,1,0
3.2394291044478902,2,0,3,0
10.00731658206094,4,0,3,0
7.472362257691813,3,0,1,0
11.389670584166494,3,1,3,1
6.119331072358062,3,0,1,0
9.126790653201825,2,1,1,0
6.9002459191257515,2,0,1,0
10.205640714925853,3,1,1,1
7.818427246181997,4,0,3,0
5.045937479135877,2,0,1,0
3.464142893119268,3,0,2,0
9.319149861310962,5,0,1,0
5.848046815449809,5,0,1,0
6.030170083591965,6,1,2,1
7.579493520581127,2,0,1,0
8.488706316728903,3,0,2,0
7.1312507867566515,4,1,1,0
7.10885627719981,0,1,2,0
7.702334690460371,2,1,3,0
5.947871597641077,5,0,1,0
7.358254230872723,1,1,1,0
6.676391496554824,2,0,1,0
6.1523112484675755,7,0,3,0
5.2803115890248105,3,1,1,0
11.31267568474619,2,1,1,1
9.651875312429048,4,0,2,0
0.5402571854527825,3,0,2,0
8.041837254365321,2,1,2,0
7.6534880482440695,5,0,2,0
7.375386227245843,2,1,3,0
7.976775704368808,2,1,1,0
6.205249908574684,3,0,3,0
7.521864629867112,1,0,1,0
10.348477532691556,3,1,1,1
9.961564092424133,1,1,1,0
8.27048906724469,3,0,2,0
7.514291376809651,3,1,2,0
9.988430133836895,3,0,2,0
9.368830631856259,3,0,2,0
8.965380829568955,3,0,3,0
6.527807181548692,4,0,1,0
7.772924566736493,2,1,1,0
7.4623963733988266,3,0,2,0
7.714771089023192,3,1,1,0
8.230654290407088,3,1,3,0
9.941446316542248,7,1,2,1
7.698483410722304,1,1,1,0
3.7151017737986836,5,0,1,0
8.2706297793573,1,1,2,0
7.3105233190125265,4,0,1,0
4.411920849879465,3,1,3,0
9.23256928979018,0,0,2,0
5.708293799258734,2,0,3,0
9.054552132891677,3,0,2,0
6.849725738209705,5,1,3,0
8.353709749282931,2,0,1,0
10.132767257705773,5,0,1,0
3.349702453739902,1,1,1,0
5.0285740032911335,5,1,1,0
4.932349354574763,8,1,1,1
12.174876382830526,1,1,2,1
7.421307285257267,5,1,3,1
1.9423257710156143,6,0,2,0
5.570235158091872,1,0,3,0
6.847512268563473,2,0,3,0
4.05559505229946,5,1,3,0
8.934369467228146,1,1,2,0
7.180323613684272,5,1,2,1
6.861580440879168,2,0,3,0
5.75575659273014,6,1,2,0
7.106250469620869,6,1,2,1
7.9369984154452835,6,1,2,1
6.176247697784354,0,0,1,0
6.3287901508989854,1,0,1,0
9.231295918542076,3,1,1,1
4.643637870078258,2,0,3,0
8.015749019560435,2,0,3,0
4.566750685489176,2,1,1,0
5.300810929167519,5,0,2,0
11.014310323272573,7,1,1,1
8.596860775146606,4,1,2,1
4.863589482998194,3,1,1,0
10.387206284610823,2,1,3,1
6.637490708195785,4,0,3,0
7.631583348208374,3,1,2,0
4.508420113166972,7,0,3,0
4.806735507702406,3,1,2,0
5.659467274638906,8,1,2,1
7.539931523199544,5,1,1,1
10.107217308292151,1,1,1,0
6.533702951240556,4,1,2,0
8.581412058367286,2,1,2,0
9.388808447321498,2,0,2,0
7.302390004239934,4,0,3,0
4.759934212249867,3,0,1,0
0.5068600966713985,2,0,2,0
7.152735969312845,4,0,1,0
7.931542673427856,5,1,3,1
9.670086411545146,4,0,2,0
7.482520868155572,5,0,1,0
8.511644501408394,2,1,2,0
5.247193358306747,4,0,1,0
5.369818019324154,5,0,1,0
8.028321290054844,0,1,3,0
6.358737451450903,2,0,2,0
8.811260227613433,1,1,2,0
5.254997007221741,3,1,2,0
9.1704830603687,5,1,1,1
5.199731857003828,2,0,3,0
5.701614481701636,4,1,2,0
5.590182380091186,2,0,3,0
10.974280880597895,4,1,1,1
6.122632052217429,3,1,1,0
9.156926480818932,2,0,1,0
6.326064893793374,4,0,3,0
7.14967927816575,4,1,1,0
9.38887989965973,6,0,3,0
11.455416374838867,1,0,3,0
7.460317136800978,1,0,1,0
8.903657441767235,3,0,3,0
4.593369843435108,6,0,1,0
11.39854929703153,5,1,1,1
7.97088083618696,1,0,3,0
3.9495044058470112,3,0,1,0
8.500389359519142,4,1,1,1
5.177535066940676,6,1,3,0
4.935384281252238,1,1,3,0
9.543743085197171,2,1,2,0
6.584164787179085,4,1,3,0
6.147894061088359,2,0,3,0
5.070423266567721,3,1,2,0
5.780426105066835,3,0,3,0
5.449765028044602,1,0,1,0
8.71839396639734,3,1,1,0
6.417127158216705,3,1,2,0
7.407757970893853,2,1,1,0
4.292206550370392,5,1,1,0
5.5861126404232095,2,0,2,0
10.763455914992043,3,0,2,0
7.074538314640635,6,1,2,1
5.591902210826465,3,1,3,0
5.901747863335579,6,0,3,0
4.622861481746524,2,0,2,0
6.333205252423291,1,0,2,0
9.195576360144582,3,1,3,1
6.810734258052916,2,1,3,0
8.396034690045155,5,1,1,1
8.524295349920106,5,0,1,0
7.109811473607077,4,0,2,0
10.12467470246125,2,1,1,1
4.069452904399502,2,0,2,0
3.328794002363119,1,0,1,0
8.351989794580696,2,1,2,0
7.441744046405912,5,0,1,0
10.110651064615478,2,0,1,0
8.656765428326205,3,1,3,0
3.6481367200388783,7,0,3,0
9.557561103024302,2,1,1,0
4.775726563613096,4,0,2,0
6.386925131662254,3,1,3,0
4.127854906256463,3,1,1,0
6.118874479702348,1,0,1,0
5.5711590283325405,4,0,1,0
5.578458340816239,4,0,1,0
8.772208542876015,7,0,2,0
5.872614159207497,2,1,3,0
10.427544105084642,3,1,3,1
8.110892323100765,3,0,3,0
9.449295235378706,2,0,3,0
9.61406543943625,1,0,2,0
8.234817504131643,3,1,2,0
6.990965459260125,1,1,2,0
2.03358538459836,1,1,1,0
4.883116291873186,3,0,1,0
7.859842076436387,0,0,2,0
7.9733731033532145,3,1,3,0
5.226286302403506,4,0,1,0
7.055488071770058,2,0,1,0
6.411220044456392,7,1,2,1
5.81336619544663,4,1,3,0
8.483941521891932,2,0,3,0
7.996648717641641,2,1,1,0
5.469168186572124,4,1,3,0
11.255533837246796,4,0,2,0
9.687640956825035,2,0,2,0
3.4484431045369814,3,0,2,0
10.48265349140492,2,1,2,1
9.183010706204772,4,1,3,1
8.410124162615372,0,0,3,0
8.48490843642213,5,0,2,0
9.109980851341913,4,1,3,1
7.365100866508622,3,1,2,0
5.753548301289297,5,1,1,0
8.353574501626811,0,1,3,0
5.714601869034505,4,0,2,0
8.965531044576707,4,1,2,1
8.21999370889812,3,0,3,0
2.6832377972573846,5,1,1,0
5.007341604901997,1,1,2,0
6.737877129269794,4,1,2,0
4.066391219561716,4,0,1,0
4.326846834826356,2,0,3,0
7.052644757046273,7,0,1,0
7.6368991670991235,7,1,2,1
6.135176905610461,0,1,3,0
8.77221702059601,3,0,3,0
6.8050687631199995,4,0,2,0
2.6381099647700603,7,0,1,0
8.353054215391456,4,0,3,0
5.756573785635434,3,0,3,0
10.524430712403856,2,1,1,1
4.943051507125911,3,0,3,0
6.843039724128022,2,0,3,0
5.902691303128205,2,1,3,0
6.629267736679068,4,1,3,0
5.262639546568854,4,1,2,0
4.961456284261551,2,0,1,0
7.799439860182658,1,0,1,0
5.891689145180081,3,1,1,0
5.696345405661968,3,0,3,0
10.484462797465007,0,1,2,0
5.767343046177631,1,1,2,0
7.006009637033777,2,1,3,0
10.501829598103248,4,1,3,1
6.786386708024615,3,1,3,0
4.984749450770449,5,0,1,0
6.4565663903774,1,0,3,0
8.163036568558187,2,1,1,0
5.799289160187753,2,1,2,0
4.6926870763463135,4,1,1,0
10.145098909933662,2,1,2,1
5.902725139720835,6,1,3,0
8.734403109895885,0,1,3,0
5.31179838645165,5,1,2,0
8.47857437760953,0,1,1,0
2.748495871810035,4,0,1,0
10.053148009505616,3,0,3,0
4.612311840362583,2,1,2,0
6.308448313716905,1,1,1,0
11.714831923659201,6,1,1,1
14.055878531793638,2,1,3,1
6.584627588427752,2,0,1,0
6.7211807045178595,1,1,1,0
9.909590131270692,7,0,3,0
6.871106752017657,2,0,3,0
6.729415209125157,6,0,1,0
7.199401758805508,6,1,2,1
6.536485863300382,2,1,2,0
5.78457280986807,2,1,3,0
9.422099487425834,2,1,1,0
5.263594298163192,4,1,1,0
11.28015872595957,2,1,1,1
4.887604893082081,5,0,3,0
8.477675860077149,1,1,2,0
8.420456340481623,2,0,1,0
9.654442957423953,0,1,2,0
8.935340288856468,2,1,1,0
5.473843616219387,3,0,2,0
6.948228764675772,2,1,2,0
7.6561445873852865,2,0,3,0
8.37275593679227,3,0,1,0
9.302128506208094,5,0,3,0
6.8983807789617755,3,0,2,0
8.463827189315888,0,0,2,0
3.306379286528376,4,0,1,0
5.743626991036681,0,0,3,0
5.11243343341705,2,1,3,0
9.269972702496986,3,0,3,0
7.56861647417394,0,1,2,0
5.926534259527329,3,1,3,0
7.4568055013440775,1,0,2,0
5.147249427999777,2,0,3,0
5.9309787287282765,0,1,2,0
7.192283915452935,5,0,1,0
8.334674596582246,3,0,1,0
7.2842023337781265,3,1,3,0
9.715290016794654,2,1,2,0
6.910943175070478,3,1,1,0
3.239502935831408,3,0,2,0
6.115332025957807,2,0,2,0
8.893020196887928,5,0,1,0
6.09193273347295,3,1,1,0
5.586154831403277,4,0,1,0
10.041009987779237,1,0,3,0
7.813233564030886,1,1,2,0
8.322005309742012,4,1,3,1
6.744012269180825,3,1,1,0
9.78662685863028,1,1,1,0
5.974875868530042,3,1,1,0
3.7796460856134466,4,1,3,0
7.262740040620049,3,1,2,0
10.103498359468313,5,0,2,0
5.830702186247571,1,1,1,0
5.848243016279689,4,0,3,0
7.867236221652613,5,1,1,1
3.995774296466528,2,1,2,0
5.993818611881211,3,0,2,0
6.881046148286516,3,0,1,0
7.929381764143796,1,0,3,0
9.549981422530445,2,1,2,0
7.210928364167808,5,0,1,0
4.168626830934404,1,1,3,0
3.8508812581669885,2,1,2,0
5.115867976284409,4,1,3,0
8.21308606202917,2,0,2,0
8.969671124258403,4,0,3,0
7.3034082173252814,2,1,1,0
8.020355054525968,2,1,1,0
5.10149841350923,5,1,3,0
10.617813139998198,3,0,3,0
7.463751658447549,5,0,3,0
7.082152022166624,2,1,2,0
5.015818668823983,3,0,2,0
6.963990977562768,1,0,1,0
5.7720928966580125,1,0,1,0
3.0042994348602066,5,1,1,0
3.5030389031495486,3,0,2,0
8.578566291886082,6,0,2,0
2.4919331057298875,1,1,2,0
10.712164371981585,2,1,2,1
8.741151926247571,6,1,2,1
9.908479444380418,2,0,2,0
8.140542649297805,7,1,3,1
4.956205560299422,1,1,3,0
8.943411577034166,5,1,3,1
1.4872700186504826,4,1,2,0
6.485672117219973,1,1,2,0
5.0435397704981035,2,0,1,0
5.900075173868311,8,1,1,1
5.388017888964101,3,0,3,0
7.08196496878304,4,1,1,0
6.363738322931232,0,1,2,0
8.136316510459734,1,0,1,0
6.879369090741378,6,1,2,1
4.558741007680689,1,0,1,0
2.4487299324382397,3,0,1,0
6.578117436441337,1,1,2,0
7.371801025842607,3,0,3,0
7.119383078698165,1,0,3,0
10.378162676285504,2,1,1,1
6.018541618057347,4,0,2,0
9.56620635687466,2,1,3,0
5.892773966584626,4,1,2,0
8.473021773236004,2,0,1,0
7.796142393087159,4,0,3,0
5.282243849916755,2,1,3,0
7.0512748926298885,3,0,1,0
5.959292363286933,4,0,3,0
6.021783121512652,3,0,2,0
7.034337272784228,3,1,2,0
9.696828611508032,4,0,1,0
6.645388310038088,3,1,3,0
6.5790614615432625,4,0,2,0
7.180350396475724,3,0,3,0
6.592659055651811,2,1,3,0
6.403230181653321,2,1,3,0
5.352194916239873,4,0,2,0
4.880273959984018,8,0,2,0
8.042097993477437,3,1,3,0
6.578893430298731,3,1,1,0
5.035969661608247,3,0,1,0
4.612275442169114,3,0,3,0
7.3270517605681995,3,0,3,0
11.317582322836685,1,0,2,0
4.511731290832949,8,0,1,0
3.1314466165534673,4,0,2,0
5.13563391311697,3,1,1,0
8.20411910916966,3,1,1,0
3.8826758210594927,3,1,3,0
5.261952751727421,1,1,1,0
5.294819368867509,1,0,3,0
5.9176434123861785,1,1,2,0
7.69453287081668,3,0,1,0
7.4023778661853195,5,1,1,1
11.437741043190748,1,1,2,1
9.66439262738987,3,1,1,1
5.487359631534953,4,1,1,0
3.807723955788507,0,0,2,0
10.329956281571649,1,1,2,0
5.156403102694596,3,0,2,0
8.491492607794262,2,0,1,0
6.583420584904474,0,0,2,0
8.41066121145315,3,0,2,0
8.289396866888506,2,0,2,0
8.03635406701396,6,1,2,1
9.120559111143887,1,0,2,0
4.952760321542057,3,1,3,0
8.615930235187268,5,1,2,1
13.931521466693919,0,1,1,1
7.089726212956959,3,0,1,0
4.125718532141177,3,0,2,0
7.081592977565985,1,0,3,0
11.0326518311184,6,1,1,1
4.8712668305114715,2,0,1,0
7.866684049466977,1,0,3,0
4.9542816814806425,3,1,1,0
11.437538325600368,5,1,1,1
5.838743914805597,1,0,1,0
8.002645055834261,2,1,1,0
7.481500409032303,2,1,2,0
8.141810287468596,3,1,3,0
6.190290289186602,2,1,2,0
9.195994717685778,4,1,2,1
5.269264007452817,5,0,2,0
7.51240561201346,6,0,2,0
4.45580248326182,0,1,1,0
6.754142915735391,4,1,3,0
4.834834103251334,5,1,2,0
6.902811747923652,2,1,2,0
8.325334507845552,2,0,2,0
7.546055071598081,1,1,2,0
8.93350148364279,7,0,3,0
8.53783502001575,5,1,3,1
7.1399645525415645,5,0,2,0
6.202372104366417,6,1,2,1
5.8357143108704,3,0,3,0
8.164043750049554,3,0,1,0
7.329995774582274,1,0,3,0
7.853760190889329,7,0,3,0
5.351159833902541,3,0,3,0
9.056895696177547,4,1,3,1
4.589174525886985,3,0,1,0
7.373353945964673,2,0,1,0
6.198727977780973,9,0,3,0
3.6211919604098166,4,0,1,0
9.685210794474692,4,0,3,0
5.821570004051011,2,1,1,0
9.777992670602988,5,0,2,0
6.7466420944451055,2,1,3,0
6.831268282189426,1,1,3,0
9.143183701886665,3,0,3,0
3.5392663669705446,5,0,3,0
5.987102128181642,3,1,3,0
7.508449353675907,0,0,2,0
5.942449015848018,4,0,3,0
7.184334607456328,6,1,3,1
7.948887444660866,4,1,3,0
6.191898424764276,1,0,2,0
8.90824304824144,5,1,2,1
4.686809528290563,4,1,2,0
5.1527877156012245,3,1,3,0
8.152558078007,5,0,2,0
6.309626016645071,5,0,2,0
4.925640264733799,5,0,3,0
6.8494234962675264,4,0,1,0
5.747484519891592,5,0,2,0
6.667659912441757,2,0,2,0
9.726603050074269,2,1,2,0
3.6552081477472136,4,1,3,0
10.970815337295587,2,1,1,1
6.482880327406187,7,0,2,0
8.576832427457813,2,0,2,0
5.895758138004454,4,1,1,0
7.902682102600525,4,0,2,0
5.356646910438618,1,0,2,0
7.691189031189237,1,1,2,0
7.324392121005125,5,0,2,0
6.464677011878612,1,0,3,0
10.120030356081362,4,1,2,1
3.7571351160034894,4,1,1,0
5.619786995896534,6,1,3,0
6.1242216322375596,4,0,1,0
8.46185212994486,3,0,2,0
8.202164494235044,7,0,1,0
9.376852494438602,2,0,3,0
7.931436625686062,5,1,3,1
4.521338179234738,5,1,1,0
5.354741745013106,2,1,2,0
7.704730805991764,2,1,1,0
5.735826003866955,1,0,2,0
7.538840178773404,4,1,1,0
6.868809113897493,4,1,1,0
4.709088352076753,4,0,3,0
9.257500056084005,0,0,3,0
3.465427970078928,5,0,2,0
5.066674514564541,5,1,2,0
7.858628903669759,5,1,3,1
7.985349739132609,1,0,1,0
10.044749515289709,5,0,2,0
3.513450096206605,4,1,2,0
9.999562633808967,4,0,2,0
8.323836161505188,2,1,1,0
8.586069990657677,3,0,2,0
4.858312506570807,1,0,1,0
4.938209331903918,1,1,1,0
5.36724699707635,2,0,1,0
3.4854961464190484,0,0,2,0
5.215718796088613,5,1,2,0
6.396482348670588,1,1,2,0
8.069991359159323,4,1,1,1
10.610214343187192,2,1,3,1
6.202906112687233,4,0,2,0
7.869684957010979,3,0,2,0
7.379414601494982,2,1,2,0
5.919857049974851,7,0,2,0
4.175538610650269,0,0,3,0
7.276364855973205,2,0,1,0
4.6747659466551585,4,1,2,0
6.972176896687311,1,1,3,0
4.8043037344647725,3,1,1,0
8.855570322851728,4,0,1,0
8.465109382359618,5,0,3,0
3.561670816546286,3,0,1,0
7.539817205195462,1,1,3,0
4.5928607525552625,4,1,3,0
4.88453846407368,4,0,3,0
8.019416725870967,3,1,2,0
6.022146919039887,3,1,3,0
8.160747851166224,0,0,3,0
12.48184714491381,4,0,3,0
3.0229568641542723,4,1,1,0
5.060292403202379,3,1,2,0
4.486641025197096,3,0,2,0
10.200894318717058,3,1,2,1
3.7489173003983316,1,0,2,0
6.9744652110238405,6,1,1,1
7.65780738303781,7,1,3,1
6.848860363473308,4,0,1,0
5.821838849335729,0,1,3,0
8.79023670879103,4,0,2,0
9.821986317250902,2,1,1,0
7.103737788556518,5,0,1,0
4.891698357603431,3,1,1,0
6.378404139704068,3,0,1,0
7.599635620210637,4,1,2,0
6.912514104917783,3,1,2,0
6.06887853094975,4,0,2,0
5.25426561021706,2,1,1,0
7.358638909002626,0,1,1,0
6.871696831157357,5,0,3,0
3.376188393493733,6,0,2,0
7.726332570815015,3,0,1,0
7.029411285852046,1,1,3,0
6.519227322568338,4,0,2,0
10.592202306095645,2,0,3,0
8.676416007888768,2,1,1,0
3.2538013335161513,1,0,1,0
8.166553173481631,8,1,2,1
7.636062972251702,5,1,3,1
7.237494570422141,4,0,1,0
8.503108486958332,1,0,3,0
6.578005695510104,3,1,2,0
6.455316971686716,4,1,1,0
7.838524179327544,3,1,2,0
6.345802065671521,1,1,3,0
5.526243505149656,3,0,2,0
5.119628172993861,4,0,3,0
5.605459751008856,6,0,3,0
11.495995479988583,4,1,3,1
6.499007804055918,4,1,3,0
2.3267576321588095,3,0,3,0
9.006168077586581,5,0,2,0
5.715984704399466,0,1,2,0
6.71183990516414,3,0,3,0
7.4647937976366245,2,1,1,0
6.652467209566077,5,0,3,0
7.574741579621507,5,0,2,0
8.718785500918258,2,0,3,0
3.9147076879180056,3,1,3,0
7.981432838172279,3,0,2,0
7.6182570732464425,4,1,3,0
8.10083345377828,3,1,3,0
6.223453912844839,2,1,1,0
6.885602569864061,2,0,1,0
6.91969002759028,5,1,3,0
8.282227431518828,4,0,1,0
5.092446663017596,2,1,1,0
7.481288890965852,2,0,3,0
7.106321465679084,2,0,3,0
7.889476067243813,5,1,1,1
5.271374122450865,3,0,2,0
6.962880309686368,1,1,1,0
4.33087754420157,3,1,2,0
4.024207476444094,0,1,2,0
2.975234367417028,4,1,3,0
7.928268491205132,3,0,3,0
7.796948480154966,3,1,1,0
1.7928503716077815,5,0,1,0
7.015173866529794,2,1,3,0
5.586173599481434,3,0,2,0
5.924208281821244,1,1,3,0
2.992264511457263,5,0,2,0
7.627643756418749,3,1,1,0
10.905823908399945,3,1,1,1
3.951775441125719,5,0,2,0
6.583238563526061,2,1,2,0
11.2988094293368,3,1,2,1
5.798331636355196,3,1,2,0
8.814095203704829,2,1,3,0
5.6344630215003635,5,1,3,0
2.069168553009616,3,0,2,0
7.321885442722281,4,0,1,0
9.59768929872877,2,0,1,0
9.362778287835683,3,1,3,1
9.425154635866448,4,0,1,0
10.09671811135932,2,1,3,1
6.900653185506948,2,1,2,0
2.447179935814658,2,1,2,0
6.73233129083209,1,0,3,0
7.137384906720196,5,0,1,0
6.728631426698384,2,0,1,0
8.70943128050492,3,0,3,0
7.856966546995498,2,1,3,0
5.726872547063831,1,0,2,0
8.31862358084934,7,0,1,0
6.674188601689031,2,1,2,0
5.7433132778752265,4,0,2,0
9.094693158865791,2,1,1,0
7.247229896595334,1,1,3,0
3.7664930206130522,4,0,3,0
6.82330772500062,2,1,1,0
10.533365103245982,2,1,1,1
6.421590026614721,2,1,1,0
3.72939191246899,6,0,1,0
12.119855774541719,5,1,1,1
6.54196173429938,4,0,1,0
6.788801327513274,2,1,1,0
8.371183024134826,4,1,2,1
6.780065794308445,3,1,3,0
8.490266786769453,2,0,1,0
3.680088187582309,2,1,2,0
6.252901002827646,3,1,2,0
9.128430389588003,1,0,2,0
5.975505014051516,2,0,1,0
8.585230667794614,2,1,2,0
9.61861294237204,2,0,2,0
8.588255414810838,6,0,2,0
6.312721635928633,3,1,1,0
8.46265906272738,2,1,3,0
6.817581283452299,2,1,1,0
8.870013854053735,2,1,1,0
8.087916319653136,5,1,3,1
5.269757895164864,3,0,3,0
7.89946091311986,0,0,2,0
7.4729604609854166,1,1,3,0
9.358376653898192,2,1,3,0
5.479278563005288,3,0,3,0
6.100403412940114,4,0,3,0
5.81697209875556,2,1,2,0
9.81466082522558,1,0,2,0
7.578074176090162,3,0,3,0
9.47833525086881,5,1,1,1
4.798184873030889,4,0,1,0
8.352847964676782,3,1,2,0
6.803537360737666,4,0,2,0
9.671025109456707,4,1,2,1
6.93405112509302,2,0,1,0
5.282349950079816,3,1,2,0
9.914090809862055,3,1,1,1
3.3909541152093907,1,0,1,0
7.4369093485262265,1,0,3,0
11.374391192903946,4,1,1,1
5.396351706891096,6,0,3,0
5.723889003446657,2,1,3,0
4.283294753883391,3,1,1,0
7.838609759168364,4,1,3,0
8.030409038536938,2,0,1,0
6.9525522780279685,3,1,1,0
7.004030069936677,2,1,3,0
6.713014307545392,4,1,1,0
5.214722467277952,5,1,3,0
7.993529558135296,3,1,3,0
9.599105134259592,0,1,1,0
8.920135754353193,0,0,2,0
7.560427874748081,2,0,1,0
6.965333909466635,4,1,1,0
6.41213027225795,2,1,1,0
4.045892215076151,2,0,1,0
4.849131708938486,6,0,1,0
6.317962154568079,4,0,2,0
10.02364746994733,1,1,3,0
9.098132367316955,3,0,1,0
9.411267219995539,4,1,3,1
9.387697507722308,4,1,3,1
5.822238276364753,2,0,3,0
4.612229007025486,0,0,1,0
6.3215318549328,5,0,2,0
11.063076314838561,1,1,3,1
5.897456451096447,0,1,1,0
6.973614422304417,2,0,3,0
3.3615165769338122,4,1,3,0
5.077016324065523,1,1,1,0
12.009786177209207,1,1,1,1
4.971671594557442,4,1,2,0
6.646205405146848,5,0,2,0
6.66584464746194,1,1,1,0
9.358040779971343,4,1,2,1
6.792294598211749,4,1,2,0
7.214223320574003,2,0,1,0
9.553906254985755,1,1,3,0
10.213530595997339,2,0,3,0
6.640766261534087,2,1,2,0
7.8307403497328725,3,1,3,0
6.1863566241381545,3,0,3,0
7.8097270401889975,4,0,1,0
9.890716861369572,2,1,1,0
7.221595400789037,4,0,1,0
8.969414153255105,4,0,3,0
10.04944139158081,4,1,2,1
5.197102679040874,0,1,3,0
6.2569695289135305,3,1,3,0
3.000815975089695,4,0,3,0
3.038546536242045,1,1,3,0
7.574841173418856,5,0,3,0
11.034976796546875,2,0,1,0
6.350584811300665,1,1,3,0
6.492182410644694,6,1,2,1
7.723766308535298,3,0,1,0
11.315359403432476,3,0,2,0
4.208939087788118,3,0,3,0
6.748641915845846,6,0,1,0
9.237654028115914,7,0,2,0
8.094132677287945,6,0,2,0
5.5674602272649345,3,0,2,0
7.915856409089522,8,0,2,0
3.569306098741667,3,0,2,0
7.391222949904552,1,0,2,0
8.943590017916508,7,0,1,0
10.082812082587326,1,0,3,0
3.54563326640411,1,0,1,0
7.935663527121085,4,1,1,0
3.857549793574157,2,0,2,0
4.1640531483387875,3,1,3,0
6.745596076546524,0,0,2,0
8.319849702191089,4,1,2,1
7.492091119866078,3,0,3,0
3.4984137497235355,6,0,1,0
1.071248584882773,1,0,3,0
10.20269183253591,5,0,1,0
9.954342688256634,6,1,1,1
8.246202215402825,1,0,2,0
8.95377699292233,2,1,1,0
6.379794815497357,3,0,3,0
4.566260982030287,3,1,1,0
6.933746858258384,4,0,3,0
6.386024674486191,3,1,2,0
9.121749278161236,4,1,3,1
5.896082470783316,5,0,3,0
6.793994955248403,3,0,3,0
3.5071235084136534,2,1,2,0
7.0703636641913095,6,1,1,1
4.345236788320879,5,1,1,0
5.231894786550095,5,0,2,0
8.543520454952207,3,1,2,0
7.554148672968699,2,0,2,0
8.840447398844603,6,1,2,1
5.44669966200291,4,0,3,0
3.900265234846319,1,1,1,0
7.569253468801307,3,0,1,0
3.831982547584243,1,1,2,0
9.489829651463996,2,0,3,0
7.817921705570853,5,0,2,0
8.533194459987,3,1,1,0
10.503590773651371,3,0,3,0
7.29846715079241,1,0,3,0
9.911803740970456,1,1,2,0
9.915065122821519,3,1,1,1
7.926260551295699,4,0,1,0
5.1046509222439,2,1,1,0
10.991327366696618,3,1,3,1
3.903690787913755,2,1,3,0
10.002374570754277,1,1,1,0
5.591804310092613,2,1,3,0
5.747264396215499,3,0,2,0
6.576323940965398,6,0,1,0
6.782227767988873,4,0,2,0
4.439708306633767,2,0,2,0
7.260803929420425,4,1,2,0
9.37211537267246,3,0,2,0
9.23469950054366,3,0,3,0
3.6848989555694285,6,1,2,0
7.64687359796824,3,1,2,0
12.057535935720047,4,1,1,1
6.6971280550885535,1,0,3,0
6.192795295242179,3,0,1,0
6.680304132625887,2,0,1,0
5.764129315238151,6,0,1,0
6.3624372305986805,2,0,2,0
7.274075225828167,2,1,3,0
7.080513778685127,4,1,2,0
7.668828897577833,3,1,1,0
4.4632687061493375,5,1,3,0
5.263619718126256,6,0,2,0
6.420182299137722,5,0,2,0
3.937765520938241,3,0,3,0
6.7566236995219695,5,1,1,0
6.491684352714218,5,1,3,0
5.458192877032165,3,0,3,0
8.690093834529195,3,1,3,0
8.29247757494016,1,1,1,0
7.223377236757075,5,0,3,0
4.88156060414938,1,1,3,0
7.668240050444661,6,0,1,0
7.320533526042735,3,0,3,0
5.030803310545322,4,1,3,0
8.852095212139723,2,0,1,0
7.838439141013489,2,0,2,0
2.894108234160707,1,1,3,0
8.811206103231832,4,0,2,0
6.668766599556961,5,0,1,0
7.453053089224977,6,0,3,0
7.26441040451019,6,1,3,1
8.18988132697816,1,0,2,0
6.952767479376239,3,0,3,0
5.791162538593661,3,1,2,0
7.180050852441961,5,1,3,1
9.01407895866988,5,1,3,1
8.287558021101624,3,1,1,0
7.38110312364706,4,1,1,0
3.8933667385160593,5,1,1,0
5.444157474744736,1,0,2,0
6.87574630151265,0,1,2,0
10.603361897108536,2,1,1,1
7.290243796127224,6,0,1,0
3.6405347025349086,4,1,2,0
7.956405908080337,2,0,2,0
4.801527297923121,5,0,2,0
5.935381338774814,4,1,2,0
11.454241989271516,1,0,3,0
6.354716351231619,2,1,3,0
8.931565448918256,0,0,1,0
5.425545000868695,3,0,3,0
8.20378719834007,3,1,2,0
5.387829815547849,5,0,1,0
6.728092935971478,4,0,3,0
2.047895667417416,6,1,1,0
8.774054401796112,3,1,3,0
8.154955210637716,6,1,2,1
5.268633335264697,3,1,2,0
5.560625633498934,3,0,2,0
8.737329712567375,4,0,1,0
6.124957352868188,6,1,2,1
7.126209997812861,2,0,2,0
5.889921258831706,2,1,2,0
8.0049762036653,5,1,2,1
8.353131682520708,4,1,2,1
10.331580712397018,2,0,1,0
7.564527873827117,1,0,2,0
10.17610446761085,4,0,2,0
5.755735446812743,1,0,2,0
6.726194278867558,5,1,2,0
6.787057166018096,5,0,3,0
4.763399969274277,3,0,1,0
5.869219033333445,5,1,2,0
8.648130540003292,1,1,1,0
10.257787735733393,3,1,3,1
8.356525742067685,1,0,1,0
4.3842627079140435,4,1,1,0
6.580613986807652,6,0,1,0
3.480699745100075,3,1,1,0
6.680945295178251,1,1,3,0
4.765202330452752,1,1,3,0
4.9525080326197815,5,0,3,0
7.458170902858472,2,1,3,0
6.646780210754142,5,1,3,0
6.929108079395488,5,0,2,0
5.794179808646777,3,0,1,0
7.69738705198083,3,0,2,0
7.09884681055219,3,1,2,0
5.769174000632648,2,0,3,0
6.9826570524471645,2,1,1,0
10.604468080656012,6,1,2,1
9.069256260402854,4,0,1,0
5.538978847771745,2,0,3,0
7.643896276668057,0,1,2,0
6.907914333497164,3,1,3,0
9.01192176082724,4,1,3,1
7.314663164483133,5,1,1,1
4.567377965571035,2,1,1,0
5.709771961174265,5,0,1,0
7.564418310189932,2,0,3,0
4.34060723264259,2,1,1,0
5.244008390977278,3,1,3,0
4.328906418391187,2,0,1,0
2.0625477526532707,3,1,1,0
8.815078023282775,0,0,3,0
10.337594549609815,2,1,2,1
7.38735673977514,3,0,1,0
6.957876480883299,2,0,1,0
5.707245280729555,4,1,2,0
5.638868694120527,2,1,3,0
7.702359000932964,6,0,3,0
4.8710391579458605,3,0,2,0
6.697777818806102,4,1,2,0
6.0926877216892885,3,1,2,0
10.661977562470568,4,1,2,1
7.035191424283444,6,1,1,1
8.070469888697096,4,0,2,0
6.110308654015388,2,1,2,0
6.330099060579864,6,1,2,1
5.092497894606952,5,0,2,0
6.0807218742147215,2,0,3,0
10.853453531758458,4,1,3,1
7.686551513394865,2,1,3,0
6.350177517944467,2,1,2,0
4.104091084732626,2,1,1,0
6.697676948145143,0,0,3,0
6.273874098964021,5,0,1,0
6.318612823823509,3,0,2,0
6.331227351713764,1,0,1,0
4.983328676154615,2,0,1,0
9.020642026583932,3,0,2,0
0.8660660338076864,5,0,3,0
8.755388758637917,4,1,3,1
9.452164927859753,3,0,3,0
6.814961417583372,3,0,1,0
6.870045569213584,3,0,2,0
5.9213443116319375,4,0,3,0
3.910293267186415,6,0,3,0
7.467533237321706,2,0,2,0
8.394331814722953,2,1,3,0
6.675599774394777,5,0,3,0
6.87863484206392,1,0,1,0
9.038719886174992,4,1,2,1
7.066689414471966,5,1,1,1
7.335658565960104,3,1,1,0
2.9035373862684146,5,0,1,0
5.120028785260074,4,1,3,0
7.255701324320377,4,0,1,0
6.494708279460405,1,1,1,0
8.224805661856397,1,0,1,0
6.2690429506547645,3,1,3,0
4.127777154570081,4,1,2,0
5.596831897823397,3,1,1,0
5.172188362364663,1,1,3,0
7.3743926160169035,4,1,3,0
9.865003230311633,2,1,3,0
8.206955444656066,4,1,2,1
7.848850121579509,4,0,3,0
3.6822807138273603,2,1,1,0
1.9121362036917304,3,1,1,0
12.004326745777181,5,0,1,0
7.1436334712660114,6,0,2,0
7.457810326591166,2,0,1,0
6.013495197555058,2,1,1,0
9.070310141293193,2,1,1,0
5.387496291605217,4,1,1,0
6.109852492347155,4,1,1,0
5.337710614361178,3,1,2,0
5.672375105811486,5,1,1,0
6.314966486280111,3,1,2,0
7.7735051359804945,3,0,3,0
3.465249143796067,4,1,2,0
4.769437430319311,3,0,3,0
5.773656248583583,3,0,1,0
5.59529532827943,1,1,1,0
7.739380080642741,7,1,2,1
6.6632679254056475,4,1,1,0
5.977212888847498,8,1,2,1
8.11847597001666,6,1,3,1
6.425182223368554,2,0,3,0
7.195928640682702,4,0,1,0
9.819473621805454,4,1,1,1
5.826435822818102,7,1,1,1
7.54341907884374,1,1,2,0
5.4515364800778645,6,0,3,0
5.544749925621998,3,1,2,0
6.334763608068025,2,1,1,0
8.875950674404159,3,1,2,0
8.412124877189244,7,0,1,0
6.725093830597626,2,1,3,0
8.759100420589144,2,0,1,0
8.308575882648991,2,1,3,0
8.058098212827035,3,0,3,0
4.285060973875967,5,1,3,0
8.911261298171603,3,1,1,0
6.512191082561,5,0,2,0
6.527140437234056,1,0,1,0
8.258442833242096,5,1,3,1
5.577258536384678,2,0,1,0
5.999020443287795,3,1,3,0
9.931275576540624,1,0,2,0
7.916982773780787,0,1,3,0
6.6857828791460125,4,1,1,0
6.300044753148383,6,0,2,0
5.496609595620093,3,1,1,0
7.268107130655309,3,1,1,0
6.867400792983631,1,0,2,0
8.252600703388243,0,0,3,0
6.407568586697981,2,1,1,0
10.394229579289721,2,0,2,0
10.082951056088323,4,0,3,0
4.627368246501104,6,0,3,0
5.551178175637049,4,1,2,0
6.7593314247371845,1,1,2,0
6.469349588947453,0,0,3,0
3.4306967230492416,6,1,3,0
1.508326416951708,1,1,3,0
10.911492864143135,2,1,2,1
4.7852963607330254,1,0,3,0
5.467913845083515,5,0,2,0
6.81714596363717,2,0,1,0
7.0472617283042,2,0,1,0
5.622964632960907,5,0,1,0
10.074395220420294,1,0,1,0
7.482099640645222,1,0,1,0
7.1166214859001755,1,0,2,0
7.784750203867325,3,0,3,0
7.132765441583514,0,1,2,0
8.256391092846249,2,0,3,0
6.338584128985103,6,0,2,0
7.823294806707602,2,0,3,0
8.853614069162726,6,0,1,0
4.934910913874786,2,1,3,0
8.330232378319,4,0,3,0
6.124667669681441,0,0,3,0
5.7274632399489995,2,0,3,0
5.367105317366898,3,0,1,0
6.790435058226001,4,0,3,0
6.106542528904281,1,1,1,0
9.055982045072192,3,0,1,0
10.142188635396707,2,1,3,1
5.668012588132256,4,1,2,0
3.4527018964426404,5,0,2,0
6.289553131930196,1,1,3,0
9.61452942224319,3,0,1,0
11.048622554924982,1,0,2,0
1.8548968454093808,0,0,3,0
8.80195615527048,2,0,2,0
6.198634505574303,1,1,3,0
5.297124738163059,1,0,2,0
9.983714318681287,4,0,2,0
6.718307484078565,4,1,1,0
9.452953961047466,5,1,2,1
5.262655635969017,1,0,1,0
4.258499016800713,6,0,1,0
6.730659822264489,5,0,2,0
8.95770740314031,7,0,1,0
6.495132660841465,3,1,2,0
6.115082443550398,5,0,1,0
6.349995157088278,2,1,3,0
7.919701416363573,2,0,2,0
3.352552144826025,2,1,3,0
9.495365444546712,4,1,2,1
10.18857781354637,0,1,1,0
9.673578693984314,1,1,1,0
5.786044266268197,2,0,1,0
6.400696768457906,6,1,2,1
3.4524043786656025,4,1,1,0
7.019466665591412,1,1,1,0
6.762855770341912,3,1,2,0
6.52262106697341,3,0,3,0
7.679601512734653,0,0,3,0
7.652685441923188,4,0,1,0
1.3410660167106974,6,0,1,0
7.726661810752741,5,0,2,0
7.697877876513996,1,0,1,0
5.153521801948845,6,0,2,0
8.133525054610056,3,0,3,0
5.460771835818616,5,1,3,0
8.416408704531166,2,1,3,0
7.7453011662597975,4,0,3,0
10.649301822466178,2,0,3,0
9.125545376296143,3,1,2,1
9.537529672908867,3,1,3,1
3.3614500211649814,2,1,1,0
10.030608037774066,0,1,3,0
7.907686027526936,5,1,3,1
8.4447453308267,3,1,3,0
10.458033746006915,3,1,3,1
5.039576864831906,4,1,1,0
13.049693841287024,2,0,1,0
6.587297531369009,3,1,3,0
7.546037030579027,4,1,1,0
2.548183603940215,2,0,1,0
10.480129823227191,1,1,2,0
7.354046591630508,3,1,3,0
6.720121285457356,1,0,3,0
9.443839000366491,2,1,3,0
6.602653368857992,4,1,2,0
5.570562011738046,3,1,1,0
7.398364810498549,1,1,1,0
8.03640615686546,4,1,1,1
8.147635828584718,0,1,1,0
6.201118543468263,4,0,3,0
6.096084710770896,6,1,3,1
5.963539137711896,2,1,2,0
6.079811836469784,4,1,3,0
4.592323677784719,2,0,3,0
2.2251062995498136,2,0,3,0
7.109490644870042,3,1,1,0
8.11528094018578,0,0,1,0
9.218836800801697,2,0,2,0
7.088274899434967,5,0,1,0
4.9215114794548525,2,0,3,0
8.381264662645915,2,1,1,0
4.7159599675882165,4,0,1,0
9.622899161267615,6,0,2,0
6.929660725859697,4,1,1,0
8.023377723459358,1,0,2,0
6.987451781668551,2,0,2,0
9.291420582512814,2,0,3,0
9.351734263371515,1,1,2,0
6.653017089591813,2,1,2,0
6.186307639124673,2,0,1,0
10.697205560994401,5,0,3,0
9.878221521133204,1,1,1,0
5.628907870357873,6,0,2,0
11.439648264646667,2,0,3,0
9.265260540891758,3,0,1,0
7.5408631549453675,3,0,3,0
6.56884604767102,3,0,1,0
11.866051969488472,3,1,1,1
6.787670502467432,4,0,1,0
4.737022156769127,4,1,3,0
7.944510307550506,0,0,2,0
6.0943787942530925,0,0,3,0
6.842702662149535,4,1,2,0
6.0042021894552695,3,1,3,0
7.514293386871836,5,0,3,0
4.371495364602174,2,1,2,0
7.312534464638798,4,1,2,0
8.06696334884744,3,1,1,0
7.525942662146587,4,0,1,0
10.75871635885941,4,0,1,0
3.777659210218065,2,0,2,0
11.70626038808884,4,0,2,0
3.992528619272451,5,0,3,0
5.9152332516491475,2,1,2,0
6.923310684098212,3,0,3,0
8.741088314570424,2,0,1,0
8.677264879222408,3,1,2,0
6.813695743076863,5,0,3,0
4.760748472097207,2,1,2,0
9.34299022068225,4,0,2,0
9.888378750317028,0,1,3,0
5.296676232725887,4,1,1,0
4.407858780749791,4,0,3,0
4.955009009477681,5,0,3,0
9.323085578309886,3,0,2,0
9.474462800308485,4,1,2,1
8.647937180950482,4,0,2,0
5.302988874784732,5,1,1,0
7.26342049009124,2,0,3,0
4.940251433194577,2,1,2,0
5.8208188810134445,2,0,2,0
12.916581148673508,3,0,2,0
6.097621178610391,2,1,3,0
7.83807042378856,1,1,2,0
5.6369381262562275,6,0,3,0
3.311873469370888,1,1,1,0
6.9220064830618515,1,1,1,0
6.864772959940723,4,0,3,0
4.1977934566279425,2,0,1,0
7.011776433571068,1,0,2,0
6.9567336992695425,4,1,1,0
7.386062111234197,4,0,3,0
10.302000945502785,2,1,3,1
5.2802261725206305,7,1,2,1
6.812824040271307,5,0,3,0
4.56316798565731,2,0,1,0
6.5594039871501515,1,1,3,0
3.9668349541342427,5,1,3,0
6.077818180568373,1,0,3,0
2.373324774455962,5,0,1,0
3.422363606790469,0,0,3,0
3.2097115020785525,4,0,1,0
8.280995791911545,3,1,2,0
7.635038555985909,7,1,2,1
7.77405874201077,2,1,1,0
4.605207554519821,4,0,3,0
3.4841666264343076,4,0,1,0
8.110557285720034,4,1,3,1
5.834261570733063,3,0,3,0
4.591656135096525,5,0,1,0
10.050466671854158,3,0,1,0
9.304778724356254,3,0,1,0
6.389748755541114,0,0,3,0
10.269649688216038,2,0,1,0
8.256784699573945,3,0,3,0
8.83153542237133,0,0,2,0
6.48413776961735,0,1,3,0
7.8139121831095295,2,1,1,0
11.119990976013568,8,0,3,0
9.43861624543522,2,0,1,0
6.595529371330471,3,1,2,0
7.687709069104609,3,1,3,0
6.821622540720042,3,1,3,0
5.92342421925426,4,1,2,0
4.7313206183281915,4,1,2,0
7.394032491883442,5,0,2,0
9.406577747235382,4,1,3,1
5.75348253754165,3,0,1,0
7.283345666011151,2,1,3,0
8.70023580575925,1,0,2,0
7.309392687498459,2,1,1,0
6.643084335349386,4,0,2,0
10.737771081992296,3,1,2,1
9.562483863842989,2,1,2,0
4.635208900050612,1,1,1,0
4.32243674665459,4,0,2,0
7.2792543120889,5,1,3,1
8.338727292833873,5,1,1,1
8.87020419381298,4,1,2,1
8.00300307818695,5,0,1,0
9.415018574405618,1,0,3,0
7.399661575064283,3,1,1,0
9.000480905665285,7,0,1,0
6.745340734979404,4,1,1,0
8.059850743423913,4,1,1,1
6.305835909958372,3,0,2,0
4.058961901901888,2,0,1,0
9.34446821278259,4,1,2,1
6.470601781086801,3,0,3,0
4.357607707846881,1,0,3,0
9.374708963008926,5,1,1,1
9.097757803705028,2,1,1,0
9.567666242359845,1,1,3,0
7.3320892282988,1,0,3,0
7.307696993096765,3,0,2,0
4.871480687260289,7,1,3,0
4.111484145011618,3,0,1,0
4.778808799670731,2,0,2,0
3.5548546878267824,3,1,1,0
8.14863872755766,2,1,1,0
8.977907602917384,1,1,1,0
6.932893198214008,3,0,1,0
8.6577156834597,4,0,3,0
6.818227362860047,1,0,1,0
2.1627324332298157,4,1,2,0
8.174233991594162,5,0,1,0
9.241088489227455,3,0,1,0
6.706810539717707,2,0,2,0
6.811734755132604,3,1,1,0
9.26650623772669,4,1,3,1
5.9002735712803815,3,1,2,0
6.860946521739549,2,0,2,0
7.188266683647812,5,0,3,0
4.404847994742301,3,1,2,0
6.051240495424093,3,0,2,0
5.881429970412016,3,1,2,0
2.6581680263379175,3,1,2,0
7.088402936553681,1,0,1,0
8.008146173053378,3,1,3,0
6.057718655405635,3,0,1,0
4.3074086232627025,3,1,1,0
6.693970534473469,0,0,3,0
3.8618720154723993,3,1,1,0
7.477701443108848,4,0,2,0
7.6654386988614975,2,0,2,0
8.653229085809151,0,1,2,0
7.901886332129799,3,1,1,0
8.576283493916131,2,1,1,0
7.524571366864624,4,0,1,0
4.333625270295961,1,0,3,0
7.556688263735619,3,0,3,0
8.995007271860475,3,0,3,0
4.342828573609253,1,1,2,0
7.417534335663503,4,1,1,0
5.445410090106785,3,1,1,0
5.469869887870332,7,1,2,1
7.136688180079046,4,0,3,0
10.031323394120244,5,1,3,1
8.077199448922126,1,1,1,0
6.438429356843921,5,0,3,0
5.426373371947098,5,0,2,0
4.614300779406234,0,0,3,0
6.542254976213522,3,0,3,0
7.335128666618552,2,0,1,0
6.339528010447015,1,1,2,0
7.831825204524958,2,1,2,0
8.71235615770041,4,1,2,1
4.593003479750666,2,1,3,0
2.983930209353262,2,1,2,0
4.422186921739122,5,0,2,0
5.81668838607705,4,0,3,0
5.313638112774745,4,0,2,0
10.280224249509619,3,1,1,1
4.629672875682203,4,1,1,0
7.840730559707291,5,0,3,0
6.843698679521643,5,1,3,0
7.987467941939617,5,0,3,0
10.276207928320346,2,0,1,0
6.870392212665977,3,0,2,0
9.42142417830547,3,1,2,1
6.391566757592582,1,0,3,0
10.470557422199935,3,0,2,0
8.12436944709446,1,0,1,0
4.503617611613885,5,0,2,0
9.169572183377984,2,0,2,0
8.191931122261908,1,1,3,0
8.612114264215203,4,0,3,0
7.8871833554074415,1,0,2,0
5.40653139350337,2,1,2,0
6.33777317906498,3,1,1,0
5.629131281929839,2,1,3,0
7.643661313632405,5,1,1,1
5.061906455112666,2,1,2,0
2.7700752141318956,3,1,2,0
5.611546068715636,0,1,3,0
5.891947691677327,2,0,2,0
5.881851860185585,2,1,3,0
6.665596317660338,7,0,2,0
7.106075009156613,3,0,2,0
4.309856618952727,1,1,2,0
6.217534506666753,2,0,3,0
4.833667887024625,0,1,3,0
4.464503883292174,5,0,2,0
3.9740064867589004,7,0,1,0
4.232144257478364,4,1,1,0
7.054398364379718,1,0,1,0
4.656601606216638,2,0,2,0
7.6504660751233,4,0,1,0
5.8568896448271435,1,1,3,0
4.888366224874019,5,1,1,0
7.418659177915542,4,0,3,0
7.644261932427127,3,0,3,0
8.363138752484273,4,1,2,1
11.726798505491141,2,0,2,0
3.718931127114508,3,0,1,0
8.536670924388304,5,0,1,0
7.382245378725025,3,0,1,0
6.83948579432589,1,1,2,0
13.048232787284295,4,0,2,0
5.324786502492589,4,0,1,0
7.100348109787452,1,0,1,0
10.605453305862344,1,0,3,0
8.199095436856691,1,1,3,0
5.003880718390489,5,0,1,0
8.268003536315383,2,1,2,0
7.754631156125829,3,1,2,0
8.56292087729218,4,1,3,1
10.777125490178953,4,1,1,1
6.244828091009727,0,1,1,0
7.62588317100103,2,1,2,0
10.865348368534882,1,0,2,0
6.625989250262535,4,0,3,0
4.243898368682373,5,1,1,0
8.961736534052944,7,1,1,1
6.140746484227292,3,1,3,0
7.9139184978639605,4,0,1,0
8.872732622453224,1,1,3,0
7.682290426071923,3,0,2,0
6.622151876233333,0,1,3,0
7.840205940568994,2,0,3,0
7.343116153383996,6,1,3,1
4.738444306948713,3,1,2,0
10.000865510127106,3,1,1,1
7.3345489537508275,1,1,3,0
6.661402324500225,0,0,1,0
6.549124827348923,0,1,1,0
5.320783862916212,0,0,2,0
4.5399613681085835,3,0,3,0
10.72387676339221,6,0,2,0
10.09844859674088,5,1,2,1
8.437245025172558,4,0,3,0
6.689036463263902,1,0,2,0
6.612532467686525,5,1,2,0
3.4078657881492895,3,1,1,0
9.515557175019271,2,0,3,0
7.203140642800275,6,0,2,0
6.043709927468741,1,1,1,0
6.556676384987118,1,0,3,0
5.728547797980235,1,1,1,0
3.772756710976088,2,0,3,0
7.514247548777878,2,0,2,0
5.021427505781727,3,0,1,0
7.190645568660265,3,1,3,0
8.23403898024961,5,1,3,1
4.138936985070691,2,1,3,0
8.053764494369139,3,0,3,0
12.14959316027253,4,1,3,1
4.207550601636835,5,0,2,0
6.387641551943083,4,1,3,0
3.9232945935047465,1,1,3,0
8.405417552574043,2,0,1,0
9.732688584186368,4,0,1,0
5.29258278442471,5,1,1,0
8.703619412098917,2,1,1,0
10.447551041240143,6,1,3,1
7.247849138892933,2,0,1,0
5.98234214341301,5,0,3,0
8.787659978369138,2,0,3,0
7.793005854798466,2,0,3,0
4.93210973823529,3,1,3,0
7.456707204759428,4,1,1,0
9.043137691286454,2,1,3,0
5.4861284211065655,1,1,2,0
8.214866338421796,2,1,2,0
7.116322634828202,6,0,1,0
8.645227402466325,2,1,1,0
7.891154482073583,4,0,1,0
5.761987329748213,3,1,1,0
8.074031636241463,2,0,3,0
6.716783614639358,3,1,1,0
7.038940230064566,2,0,2,0
8.289183878239324,3,1,1,0
8.41230837413972,2,0,2,0
8.810769141480941,2,0,3,0
4.1594887698366385,2,0,3,0
6.814881859126613,5,1,2,0
5.128852001576429,2,0,2,0
3.825714847783713,2,1,2,0
5.322576934635093,5,0,1,0
9.50549830251888,3,0,2,0
5.336360337819903,4,0,1,0
7.394309945722673,5,1,2,1
6.725178700852797,1,0,2,0
8.859910678892435,3,1,2,0
7.799556395021969,4,1,2,0
7.459030940470637,1,0,3,0
6.323506777420463,2,1,2,0
7.304443102226236,7,0,1,0
7.132793010268103,5,1,2,1
9.78727126548484,3,0,2,0
6.667192715357524,5,1,2,0
4.907724916773271,1,0,2,0
6.587368445418804,4,1,1,0
9.071374250087517,1,1,2,0
8.613698101756608,0,1,2,0
4.693150585661989,3,0,1,0
2.5486337027626282,3,0,3,0
6.247995965471819,3,1,1,0
9.370176044590767,3,1,2,1
8.414813153826383,5,0,3,0
8.10471303631185,3,0,3,0
7.261004778529226,1,0,1,0
7.895867013450474,2,0,1,0
9.480349680459591,1,0,1,0
6.451720780454207,1,1,3,0
10.51036033475093,2,0,1,0
7.5267055875408,1,1,3,0
7.229784550057503,1,0,3,0
8.436240915159322,3,1,3,0
3.571331119685744,3,0,1,0
4.356065141813073,2,1,2,0
6.182736277441139,2,1,2,0
6.2507408433246745,2,0,2,0
8.747134356741856,5,1,2,1
8.643599715537652,4,1,2,1
3.5006496778551632,3,1,1,0
9.630544967183791,3,0,3,0
8.20368970569102,2,0,3,0
8.482010307767338,3,1,3,0
8.210632871616625,5,1,1,1
6.293471147736113,3,1,1,0
6.050483929172359,2,1,2,0
6.678830762658993,1,1,2,0
7.530478029217837,5,0,2,0
6.02749109412211,5,1,2,0
5.993777373606576,2,0,2,0
3.5792897392824417,2,0,1,0
7.067040551528159,1,1,3,0
6.472149673833783,5,0,1,0
5.728722352072876,3,1,3,0
3.895806458862095,3,1,2,0
3.218630267870768,3,0,2,0
7.675740931489426,2,1,3,0
8.391100311799583,3,0,3,0
3.319789350526903,5,1,1,0
8.301448771262308,5,1,1,1
5.878370809661931,4,0,2,0
4.962490947314823,2,0,2,0
5.454050247123429,3,0,2,0
10.230842524711731,6,1,2,1
6.722621038132839,1,1,2,0
7.598977491214474,1,0,1,0
2.100504167667892,0,0,1,0
9.948732378302998,6,1,3,1
7.603331922539643,2,0,1,0
4.938931254458529,0,0,3,0
5.92055573944894,9,0,2,0
8.062146877851763,5,1,3,1
6.121612002178578,1,0,2,0
7.557472010045525,4,1,3,0
6.884946960689312,7,0,3,0
7.194434438299951,5,1,2,1
9.089199007275877,4,0,3,0
6.017355459157493,4,0,1,0
6.217356243582687,3,0,1,0
5.885866300118909,1,1,3,0
4.0188094256462366,2,1,1,0
3.6832495298764925,2,0,2,0
7.590108234300181,9,0,3,0
6.4288155634062125,3,1,1,0
9.049137108929381,3,0,1,0
7.8480076764923234,0,1,1,0
9.852820095819405,4,1,3,1
6.294893075954028,3,0,2,0
6.090120690726683,4,0,2,0
7.86787320958197,3,0,2,0
6.615416261006686,3,1,2,0
5.104358814325985,4,0,2,0
5.959491115350979,3,0,3,0
7.918038270959574,3,0,1,0
10.306864253500667,1,1,1,0
5.54036952601601,5,0,2,0
8.411494459573126,1,0,3,0
9.594871522382054,1,0,3,0
6.408837220888351,3,0,3,0
6.108000390860758,3,0,2,0
7.747435289069953,2,1,2,0
9.287015689335911,3,0,1,0
4.52758720093026,3,0,3,0
6.867849549206284,3,1,3,0
7.851410156125015,1,0,1,0
7.077551136766543,5,1,1,1
3.837269637843361,1,0,2,0
6.574281490630479,3,1,1,0
10.099696733812069,1,0,2,0
11.71526404813956,1,0,2,0
7.286686869744569,3,0,1,0
8.693119631921698,4,0,2,0
6.826558843302786,3,0,1,0
7.974667225248654,3,1,3,0
11.733021395307144,6,0,3,0
6.460226010911215,1,0,1,0
6.703137497988757,1,0,1,0
3.932092256699887,2,1,2,0
6.082946942968069,2,1,2,0
3.7853034009172872,2,0,1,0
10.314454774863815,0,0,2,0
8.52550712372691,0,0,3,0
4.855338455076749,3,0,2,0
8.299490227493111,1,1,3,0
6.76615868527712,0,0,3,0
3.560208075700211,5,0,1,0
9.193593549845836,3,1,1,1
6.570870713377249,3,0,1,0
5.801695467820981,1,1,3,0
10.643246131280858,4,0,3,0
3.8578221186429262,2,0,1,0
8.014354914732639,1,0,1,0
5.791479633410866,5,1,2,0
8.330785563826085,2,0,3,0
6.58203381631399,7,1,2,1
5.821872533430218,2,1,2,0
7.934823996259461,7,1,3,1
4.529244304022933,2,0,3,0
9.456175913733244,2,1,3,0
11.614994447424829,3,1,1,1
4.027767314636135,4,1,1,0
2.6406849895487277,0,0,2,0
7.97402881178809,0,0,3,0
6.715573362740359,1,0,1,0
7.9057693605329264,2,0,1,0
7.4006190595882275,3,0,1,0
8.96550050025781,4,0,1,0
6.459199152467967,3,0,3,0
3.7774770462422977,4,1,3,0
6.247743407443928,0,1,2,0
9.258252593774868,4,0,1,0
5.305593682358872,3,1,3,0
7.095249915849347,0,0,1,0
7.616690792842428,4,0,3,0
6.965542563616895,3,0,3,0
10.923219805159421,0,1,2,0
4.900781784119362,1,1,1,0
8.50778384312126,0,1,2,0
3.868513448909311,2,1,3,0
12.155306359888833,3,1,2,1
6.879601719440647,7,1,1,1
8.363816075122521,6,1,2,1
7.868384144750183,6,1,1,1
9.52617082144323,4,1,2,1
10.09040636871012,5,0,3,0
5.394144074822162,1,0,2,0
6.608269439828694,4,1,2,0
6.540250559385834,3,0,2,0
6.47067856108278,6,1,2,1
7.464019129950735,4,1,2,0
5.54692373340159,3,1,1,0
10.95681621829247,1,0,3,0
8.835826310887992,0,1,3,0
9.526899382703013,4,0,1,0
11.606769299827725,4,0,3,0
1.4641466221437751,5,1,3,0
8.684009714974989,4,0,3,0
4.422039383689045,4,1,2,0
3.4409458006576545,4,0,1,0
3.8769322883121475,1,1,1,0
5.065413105920555,4,0,2,0
8.46749853187371,5,1,1,1
8.351869837131172,5,1,1,1
10.052730265093754,4,1,1,1
4.491936310902815,5,1,3,0
7.1438657388697795,3,0,3,0
9.254865370073762,3,0,3,0
5.666782388768633,1,1,2,0
5.5364332608113624,2,1,1,0
5.513796388260076,6,1,1,0
8.59502138079682,1,0,2,0
6.323742448389046,6,1,3,1
8.547243180974393,0,1,1,0
5.435790539261748,4,0,3,0
3.4386207743027994,1,0,1,0
10.771548446457484,4,0,2,0
8.798510108162057,2,1,1,0
5.220018122858205,1,1,2,0
9.483726121358865,4,1,1,1
6.805203398146965,2,0,1,0
5.558658126123511,2,0,3,0
7.875626723589128,2,1,3,0
7.150853105031003,3,0,2,0
6.692057019782158,1,0,3,0
7.459170219953587,2,1,3,0
7.321674605229658,2,0,1,0
4.8369614780275585,1,1,1,0
4.977301011406053,4,1,2,0
9.996808188460962,5,1,2,1
6.014712226091601,3,0,3,0
9.50713669477872,5,1,1,1
3.9587071824296793,2,0,2,0
6.289401138097029,3,0,3,0
7.87938900254814,3,0,2,0
7.726520530790722,2,0,3,0
3.8287814311093227,3,0,3,0
9.774628033275555,4,1,3,1
7.159464952935746,5,0,1,0
9.413309561404724,4,1,3,1
5.633772323253544,3,1,1,0
6.023532767477633,4,1,3,0
7.280839423650624,1,0,2,0
4.7969696355563265,2,1,3,0
7.117025523716892,5,0,3,0
9.20843249642094,2,0,1,0
5.287938622565542,4,0,2,0
8.121845300342413,2,1,2,0
5.554273476404889,5,0,3,0
7.885362085476029,2,1,2,0
7.4397630749857715,4,0,2,0
5.623447214560681,2,0,1,0
6.047516722006132,1,1,3,0
6.20645239613277,5,1,3,0
7.259807445274218,1,0,3,0
7.60884616551879,3,1,3,0
9.641319962027769,6,1,2,1
9.299370859267082,4,0,2,0
4.922146557722485,2,0,3,0
4.214856861319144,1,0,2,0
7.1414971009124475,3,1,2,0
4.245669468493409,5,1,1,0
6.095213817886382,2,0,2,0
6.074948476848177,2,0,2,0
6.421472782232029,6,1,2,1
5.905902166496327,5,1,3,0
6.203511727233769,4,0,2,0
7.672699249179329,6,0,2,0
5.386291876165636,5,0,3,0
4.88986264663272,2,1,3,0
11.693406662203207,3,0,2,0
6.537776527313739,4,0,3,0
5.063560843093171,2,1,2,0
4.023316125801312,4,0,2,0
7.448493784893582,0,0,3,0
7.8749544168271095,5,0,3,0
6.998559601468771,3,1,2,0
5.8148703966006146,4,0,1,0
6.683622417154232,3,1,2,0
5.060800024288742,2,0,2,0
9.4699593132131,3,1,1,1
8.859237745365732,1,0,3,0
6.877169483059346,3,0,1,0
4.320156800427208,5,0,3,0
6.7068443687620745,2,1,3,0
9.672724659438254,2,0,1,0
10.057058022899971,6,1,3,1
7.643258769528685,4,0,2,0
3.9062235162111745,3,0,1,0
5.620950402796709,0,1,1,0
8.06068827349043,3,0,3,0
6.664647380688419,5,1,3,0
2.5916815723403293,2,1,3,0
8.58979135111275,1,0,3,0
6.677030372273783,4,0,2,0
5.923295864725134,5,0,3,0
7.663627457131448,1,1,3,0
4.356668546039775,3,0,3,0
6.595056120916358,8,0,1,0
7.8729958951075405,3,1,2,0
6.626856409888584,1,0,1,0
6.957507030133019,6,1,2,1
5.498701538886799,7,0,2,0
7.274641131366425,4,0,3,0
6.96119680170688,1,0,1,0
5.263896336614257,3,0,1,0
7.284035189887662,3,1,1,0
5.692021349947258,7,1,3,1
8.4161661508431,4,1,3,1
6.931142826097892,3,0,2,0
6.523803055407636,7,0,1,0
6.764873510482912,1,1,2,0
3.9580420041305855,2,1,1,0
9.057798175224217,3,0,2,0
4.852932243673568,3,1,2,0
8.174846177987146,2,0,1,0
6.109831577017391,1,1,1,0
8.185154264208354,6,1,3,1
5.286281407713712,1,0,3,0
5.454090678010592,1,0,1,0
8.463003086944052,4,1,2,1
6.811576578679869,5,1,2,0
7.902458485576981,3,0,2,0
8.557624403646036,2,0,1,0
6.2705588269448125,3,0,2,0
8.82622382601311,2,0,2,0
8.558487848339833,1,0,1,0
6.993332058503618,4,1,1,0
9.291294402437773,6,0,1,0
5.092927128733412,1,0,2,0
4.97199917097285,2,0,3,0
4.814691188990356,4,1,3,0
9.94548653256049,6,0,1,0
8.61507687228492,5,0,1,0
5.9584923747900405,2,0,3,0
9.203314729629726,4,1,1,1
4.88282687196537,2,1,3,0
9.331265328999649,3,0,2,0
6.653678577958376,2,1,1,0
3.7448499745400086,4,0,1,0
6.969813257597092,4,0,2,0
2.3260179288664125,0,1,3,0
5.542329961488117,4,0,2,0
4.634465342881134,2,1,2,0
10.418982588131911,1,1,3,0
8.972519616238182,4,1,2,1
5.613105226607531,0,0,1,0
12.38738994646076,2,0,3,0
5.377513444275008,0,0,2,0
6.668954728372958,2,0,3,0
8.54108205614591,3,1,2,0
2.834348715516988,5,0,1,0
7.084965871311201,5,1,2,1
3.592778258429362,5,0,1,0
7.925133420326615,3,1,2,0
7.366835385071165,3,0,3,0
7.85506645857182,2,0,3,0
6.653252668742278,2,0,2,0
5.957322594290996,7,0,3,0
5.450436084771983,5,0,3,0
6.96833579221909,3,1,2,0
4.835317255765454,3,1,2,0
11.279915804155202,3,0,3,0
9.400814453181578,8,1,3,1
4.653750429912839,5,0,1,0
2.7064007558513836,3,0,2,0
6.240732512763973,2,1,2,0
5.830022371838138,3,0,1,0
9.47362817358629,5,0,2,0
6.455586165665734,2,0,3,0
8.559572344268341,3,1,1,0
8.277730791094001,1,0,3,0
8.279880526901545,3,0,3,0
4.84230775308019,2,0,2,0
4.302951702167967,3,1,1,0
